<?xml version="1.0" encoding="UTF-8"?>
<project-private xmlns="http://www.netbeans.org/ns/project-private/1">
    <editor-bookmarks xmlns="http://www.netbeans.org/ns/editor-bookmarks/2" lastBookmarkId="0"/>
    <open-files xmlns="http://www.netbeans.org/ns/projectui-open-files/2">
        <group>
            <file>file:/C:/Users/me/Documents/GitHub/Yr3-Final-Project/Project/Yr3-SAD-Project/web/contact.html</file>
            <file>file:/C:/Users/me/Documents/GitHub/Yr3-Final-Project/Project/Yr3-SAD-Project/web/login2.html</file>
            <file>file:/C:/Users/me/Documents/GitHub/Yr3-Final-Project/Project/Yr3-SAD-Project/web/Index.jsp</file>
            <file>file:/C:/Users/me/Documents/GitHub/Yr3-Final-Project/Project/Yr3-SAD-Project/web/about.html</file>
            <file>file:/C:/Users/me/Documents/GitHub/Yr3-Final-Project/Project/Yr3-SAD-Project/web/home.html</file>
        </group>
    </open-files>
</project-private>
