<?xml version="1.0"?>
<!DOCTYPE hibernate-mapping PUBLIC "-//Hibernate/Hibernate Mapping DTD 3.0//EN"
"http://www.hibernate.org/dtd/hibernate-mapping-3.0.dtd">
<!-- Generated 10-Feb-2016 14:44:19 by Hibernate Tools 4.3.1 -->
<hibernate-mapping>
    <class name="TablesDto.Chittytransactions" table="chittytransactions" catalog="accounting" optimistic-lock="version">
        <id name="chittyTransactionId" type="java.lang.Integer">
            <column name="ChittyTransactionID" />
            <generator class="identity" />
        </id>
        <many-to-one name="users" class="TablesDto.Users" fetch="select">
            <column name="UserID" />
        </many-to-one>
        <property name="chittyNo" type="int">
            <column name="ChittyNo" not-null="true" />
        </property>
        <property name="chtyTermNo" type="java.lang.Integer">
            <column name="ChtyTermNo" />
        </property>
        <property name="date" type="timestamp">
            <column name="Date" length="19" />
        </property>
        <property name="amount" type="java.lang.Double">
            <column name="Amount" precision="22" scale="0" />
        </property>
        <property name="description" type="string">
            <column name="Description" length="50" />
        </property>
        <property name="transRefence" type="string">
            <column name="TransRefence" length="50">
                <comment>Reference from actual Bank transaction</comment>
            </column>
        </property>
        <property name="transStatus" type="java.lang.Integer">
            <column name="TransStatus">
                <comment>If Transaction Pending or Cleared</comment>
            </column>
        </property>
        <property name="clearanceDate" type="timestamp">
            <column name="ClearanceDate" length="19" />
        </property>
        <property name="paymentMethod" type="java.lang.Integer">
            <column name="PaymentMethod" />
        </property>
    </class>
</hibernate-mapping>
