<?xml version="1.0"?>
<!DOCTYPE hibernate-mapping PUBLIC "-//Hibernate/Hibernate Mapping DTD 3.0//EN"
"http://www.hibernate.org/dtd/hibernate-mapping-3.0.dtd">
<!-- Generated 10-Feb-2016 14:44:19 by Hibernate Tools 4.3.1 -->
<hibernate-mapping>
    <class name="TablesDto.Accounts" table="accounts" catalog="accounting" optimistic-lock="version">
        <id name="accId" type="java.lang.Integer">
            <column name="AccID" />
            <generator class="identity" />
        </id>
        <property name="accName" type="string">
            <column name="AccName" length="45" not-null="true" />
        </property>
        <property name="defaultCreditInterestRate" type="double">
            <column name="DefaultCreditInterestRate" precision="22" scale="0" not-null="true" />
        </property>
        <property name="creditInterestTerm" type="int">
            <column name="CreditInterestTerm" not-null="true" />
        </property>
        <property name="defaultCreditInterestCalculationTerm" type="java.lang.Integer">
            <column name="DefaultCreditInterestCalculationTerm" />
        </property>
        <property name="defaultDebitInterestRate" type="double">
            <column name="DefaultDebitInterestRate" precision="22" scale="0" not-null="true" />
        </property>
        <property name="defaultDebtInterestTerm" type="java.lang.Integer">
            <column name="DefaultDebtInterestTerm" />
        </property>
        <property name="defaultDebtInterestCalculationTerm" type="java.lang.Integer">
            <column name="DefaultDebtInterestCalculationTerm" />
        </property>
        <set name="useraccountses" table="useraccounts" inverse="true" lazy="true" fetch="select">
            <key>
                <column name="AccountID" not-null="true" />
            </key>
            <one-to-many class="TablesDto.Useraccounts" />
        </set>
    </class>
</hibernate-mapping>
