<?xml version="1.0"?>
<!DOCTYPE hibernate-mapping PUBLIC "-//Hibernate/Hibernate Mapping DTD 3.0//EN"
"http://www.hibernate.org/dtd/hibernate-mapping-3.0.dtd">
<!-- Generated 10-Feb-2016 14:44:19 by Hibernate Tools 4.3.1 -->
<hibernate-mapping>
    <class name="TablesDto.Useraccounts" table="useraccounts" catalog="accounting" optimistic-lock="version">
        <composite-id name="id" class="TablesDto.UseraccountsId">
            <key-property name="userId" type="int">
                <column name="UserID" />
            </key-property>
            <key-property name="accountId" type="int">
                <column name="AccountID" />
            </key-property>
        </composite-id>
        <many-to-one name="accounts" class="TablesDto.Accounts" update="false" insert="false" fetch="select">
            <column name="AccountID" not-null="true" />
        </many-to-one>
        <many-to-one name="users" class="TablesDto.Users" update="false" insert="false" fetch="select">
            <column name="UserID" not-null="true" />
        </many-to-one>
        <property name="creditInterestRate" type="double">
            <column name="CreditInterestRate" precision="22" scale="0" not-null="true" />
        </property>
        <property name="creditInterestTerm" type="int">
            <column name="CreditInterestTerm" not-null="true" />
        </property>
        <property name="creditInterestCalculationTerm" type="java.lang.Integer">
            <column name="CreditInterestCalculationTerm" />
        </property>
        <property name="debitInterestRate" type="double">
            <column name="DebitInterestRate" precision="22" scale="0" not-null="true" />
        </property>
        <property name="debtInterestTerm" type="java.lang.Integer">
            <column name="DebtInterestTerm" />
        </property>
        <property name="debtInterestCalculationTerm" type="java.lang.Integer">
            <column name="DebtInterestCalculationTerm" />
        </property>
        <property name="accStatus" type="int">
            <column name="AccStatus" not-null="true">
                <comment>01 Not Started, 01 Active, 02 Closed</comment>
            </column>
        </property>
        <property name="openingDate" type="timestamp">
            <column name="OpeningDate" length="19" not-null="true" />
        </property>
        <property name="closingDate" type="timestamp">
            <column name="ClosingDate" length="19" not-null="true" />
        </property>
    </class>
</hibernate-mapping>
