<?xml version="1.0"?>
<!DOCTYPE hibernate-mapping PUBLIC "-//Hibernate/Hibernate Mapping DTD 3.0//EN"
"http://www.hibernate.org/dtd/hibernate-mapping-3.0.dtd">
<!-- Generated 10-Feb-2016 14:44:19 by Hibernate Tools 4.3.1 -->
<hibernate-mapping>
    <class name="TablesDto.Users" table="users" catalog="accounting" optimistic-lock="version">
        <id name="userId" type="java.lang.Integer">
            <column name="UserId" />
            <generator class="identity" />
        </id>
        <property name="userName" type="string">
            <column name="UserName" length="45" not-null="true" unique="true" />
        </property>
        <property name="userNameVerified" type="java.lang.Boolean">
            <column name="UserNameVerified" />
        </property>
        <property name="userPassword" type="string">
            <column name="UserPassword" length="200" not-null="true" />
        </property>
        <property name="firstName" type="string">
            <column name="FirstName" length="45" />
        </property>
        <property name="middleName" type="string">
            <column name="MiddleName" length="45" />
        </property>
        <property name="lastName" type="string">
            <column name="LastName" length="45" />
        </property>
        <property name="address" type="string">
            <column name="Address" length="45" />
        </property>
        <property name="town" type="string">
            <column name="Town" length="25" />
        </property>
        <property name="state" type="string">
            <column name="State" length="25" />
        </property>
        <property name="country" type="string">
            <column name="Country" length="25" />
        </property>
        <property name="postCode" type="string">
            <column name="PostCode" length="25" />
        </property>
        <property name="phone1" type="string">
            <column name="`Phone 1`" length="15" />
        </property>
        <property name="phone2" type="string">
            <column name="`Phone 2`" length="15" />
        </property>
        <property name="idtype" type="string">
            <column name="IDType" length="15" />
        </property>
        <property name="addressProofType" type="string">
            <column name="AddressProofType" length="15" />
        </property>
        <property name="idref" type="string">
            <column name="IDRef" length="15" />
        </property>
        <property name="addressRef" type="string">
            <column name="AddressRef" length="15" />
        </property>
        <property name="idVirified" type="java.lang.Boolean">
            <column name="IdVirified" />
        </property>
        <property name="userType" type="java.lang.Integer">
            <column name="UserType">
                <comment>Admin, Standard User, Manager etc</comment>
            </column>
        </property>
        <property name="overDraftLimit" type="java.lang.Integer">
            <column name="OverDraftLimit">
                <comment>if User accont can go negative and the limit</comment>
            </column>
        </property>
        <property name="stayanonymous" type="java.lang.Boolean">
            <column name="Stayanonymous" />
        </property>
        <property name="anonymusName" type="string">
            <column name="AnonymusName" length="45" />
        </property>
        <property name="passwordSalt" type="string">
            <column name="passwordSalt" length="100" />
        </property>
        <set name="useraccountses" table="useraccounts" inverse="true" lazy="true" fetch="select">
            <key>
                <column name="UserID" not-null="true" />
            </key>
            <one-to-many class="TablesDto.Useraccounts" />
        </set>
        <set name="chittytransactionses" table="chittytransactions" inverse="true" lazy="true" fetch="select">
            <key>
                <column name="UserID" />
            </key>
            <one-to-many class="TablesDto.Chittytransactions" />
        </set>
        <set name="chittyuserses" table="chittyusers" inverse="true" lazy="true" fetch="select">
            <key>
                <column name="UserId" not-null="true" />
            </key>
            <one-to-many class="TablesDto.Chittyusers" />
        </set>
    </class>
</hibernate-mapping>
